{
    "loss": 0.20637217164039612,
    "accuracy": 0.9482758641242981
}